{"test_0": ["6593_history_of_tom_jones_a_foundling", "271_black_beauty", "730_oliver_twist", "16357_mary_a_fiction", "2807_to_have_and_to_hold", "1023_bleak_house", "1155_the_secret_adversary", "238_dear_enemy", "1661_the_adventures_of_sherlock_holmes", "711_allan_quatermain"], "test_1": ["2489_moby_dick", "209_the_turn_of_the_screw", "805_this_side_of_paradise", "233_sister_carrie_a_novel", "76_adventures_of_huckleberry_finn", "4276_north_and_south", "1245_night_and_day", "829_gullivers_travels_into_several_remote_nations_of_the_world", "33_the_scarlet_letter", "2095_clotelle_a_tale_of_the_southern_states"], "test_2": ["145_middlemarch", "62_a_princess_of_mars", "36_the_war_of_the_worlds", "11_alices_adventures_in_wonderland", "2641_a_room_with_a_view", "3268_the_mysteries_of_udolpho", "1260_jane_eyre_an_autobiography", "541_the_age_of_innocence", "514_little_women", "18581_adrift_in_new_york_tom_and_florence_braving_the_world"], "test_3": ["11231_bartleby_the_scrivener_a_story_of_wallstreet", "110_tess_of_the_durbervilles_a_pure_woman", "217_sons_and_lovers", "41_the_legend_of_sleepy_hollow", "766_david_copperfield", "113_the_secret_garden", "73_the_red_badge_of_courage_an_episode_of_the_american_civil_war", "5230_the_invisible_man_a_grotesque_romance", "8867_the_magnificent_ambersons", "472_the_house_behind_the_cedars"], "test_4": ["434_the_circular_staircase", "521_the_life_and_adventures_of_robinson_crusoe", "160_the_awakening_and_selected_short_stories", "3457_the_man_of_the_forest", "120_treasure_island", "543_main_street", "1064_the_masque_of_the_red_death", "2084_the_way_of_all_flesh", "4051_lady_bridget_in_the_nevernever_land_a_story_of_australian_life", "2891_howards_end"], "test_5": ["2005_piccadilly_jim", "969_the_tenant_of_wildfell_hall", "1342_pride_and_prejudice", "174_the_picture_of_dorian_gray", "155_the_moonstone", "78_tarzan_of_the_apes", "599_vanity_fair", "2775_the_good_soldier", "550_silas_marner", "876_life_in_the_ironmills_or_the_korl_woman"], "test_6": ["105_persuasion", "1400_great_expectations", "74_the_adventures_of_tom_sawyer", "432_the_ambassadors", "84_frankenstein_or_the_modern_prometheus", "974_the_secret_agent_a_simple_tale", "32_herland", "345_dracula", "45_anne_of_green_gables", "95_the_prisoner_of_zenda"], "test_7": ["171_charlotte_temple", "4300_ulysses", "1206_the_flying_u_ranch", "215_the_call_of_the_wild", "932_the_fall_of_the_house_of_usher", "41286_miss_marjoribanks", "77_the_house_of_the_seven_gables", "2852_the_hound_of_the_baskervilles", "4217_a_portrait_of_the_artist_as_a_young_man", "502_desert_gold"], "test_8": ["2166_king_solomons_mines", "219_heart_of_darkness", "367_country_of_the_pointed_firs", "12677_personality_plus_some_experiences_of_emma_mcchesney_and_her_son_jock", "1695_the_man_who_was_thursday_a_nightmare", "9830_the_beautiful_and_damned", "5348_ragged_dick_or_street_life_in_new_york_with_the_bootblacks", "24_o_pioneers", "1327_elizabeth_and_her_german_garden", "27_far_from_the_madding_crowd"], "test_9": ["940_the_last_of_the_mohicans_a_narrative_of_1757", "60_the_scarlet_pimpernel", "208_daisy_miller_a_study", "351_of_human_bondage", "2814_dubliners", "158_emma", "44_the_song_of_the_lark", "6053_evelina_or_the_history_of_a_young_ladys_entrance_into_the_world", "15265_the_quest_of_the_silver_fleece_a_novel", "768_wuthering_heights"]}